{
  "project_info": {
    "project_number": "373406613600",
    "project_id": "portfolio-7f1c2",
    "firebase_url" : "portfolio-7f1c2-default-rtdb.firebaseio.com",
    "storage_bucket": "portfolio-7f1c2.appspot.com"
  },
  "client": [
    {
      "client_info": {
        "mobilesdk_app_id": "1:373406613600:android:6d1dd8b814e77672e24305",
        "android_client_info": {
          "package_name": "com.Portfolio.Portfolio"
        }
      },
      "oauth_client": [],
      "api_key": [
        {
          "current_key": "AIzaSyAlRH-2whMCrmKnj5ESmw4ZlLBBkCOYQYU"
        }
      ],
      "services": {
        "appinvite_service": {
          "other_platform_oauth_client": []
        }
      }
    }
  ],
  "configuration_version": "1"
}